{"A":{"0":0.0,"1":1.7391304348,"2":3.4782608696,"3":5.2173913043,"4":6.9565217391,"5":8.6956521739,"6":10.0},"B":{"0":0.4347826087,"1":2.1739130435,"2":3.9130434783,"3":5.652173913,"4":7.3913043478,"5":9.1304347826,"6":10.0},"C":{"0":0.8695652174,"1":2.6086956522,"2":4.347826087,"3":6.0869565217,"4":7.8260869565,"5":9.5652173913,"6":null},"D":{"0":1.3043478261,"1":3.0434782609,"2":4.7826086957,"3":6.5217391304,"4":8.2608695652,"5":10.0,"6":10.0}}